{
  "initialization_time_planning": 0.9950230121612549,
  "execution_time_planning": 59.65087580680847,
  "initialization_time_control": 1.0315701961517334,
  "execution_time_control": 301.554212808609,
  "total_time": 363.23168182373047
}