{
  "initialization_time_planning": 0.9950230121612549,
  "execution_time_planning": 59.65087580680847,
  "initialization_time_control": 0.9675431251525879,
  "execution_time_control": 108.48644995689392,
  "total_time": 170.09989190101624
}