{
  "initialization_time_planning": 0.9950230121612549,
  "execution_time_planning": 59.65087580680847,
  "initialization_time_control": 1.0034880638122559,
  "execution_time_control": 160.8345890045166,
  "total_time": 222.48397588729858
}