{
  "initialization_time_planning": 0.9950230121612549,
  "execution_time_planning": 59.65087580680847,
  "initialization_time_control": 0.9499771595001221,
  "execution_time_control": 297.37824606895447,
  "total_time": 358.9741220474243
}