{
  "initialization_time_planning": 0.9950230121612549,
  "execution_time_planning": 59.65087580680847,
  "initialization_time_control": 0.9367659091949463,
  "execution_time_control": 179.1233401298523,
  "total_time": 240.70600485801697
}