{
  "initialization_time_planning": 0.9950230121612549,
  "execution_time_planning": 59.65087580680847,
  "initialization_time_control": 1.056227207183838,
  "execution_time_control": 240.01758694648743,
  "total_time": 301.719712972641
}