{
  "initialization_time_planning": 2.5311837196350098,
  "execution_time_planning": 94.26991510391235,
  "initialization_time_control": 1.1770870685577393,
  "execution_time_control": 214.9454128742218,
  "total_time": 312.9235987663269
}