{
  "initialization_time_planning": 2.5311837196350098,
  "execution_time_planning": 94.26991510391235,
  "initialization_time_control": 5.184300899505615,
  "execution_time_control": 410.22693395614624,
  "total_time": 512.2123336791992
}