{
  "initialization_time_planning": 2.5311837196350098,
  "execution_time_planning": 94.26991510391235,
  "initialization_time_control": 4.841565132141113,
  "execution_time_control": 759.1548609733582,
  "total_time": 860.7975249290466
}