{
  "initialization_time_planning": 2.5311837196350098,
  "execution_time_planning": 94.26991510391235,
  "initialization_time_control": 1.0506439208984375,
  "execution_time_control": 138.225172996521,
  "total_time": 236.0769157409668
}