{
  "initialization_time_planning": 2.5311837196350098,
  "execution_time_planning": 94.26991510391235,
  "initialization_time_control": 1.1450459957122803,
  "execution_time_control": 11583.179394960403,
  "total_time": 11681.125539779663
}