{
  "initialization_time_planning": 1.1282730102539062,
  "execution_time_planning": 71.4796838760376,
  "initialization_time_control": 1.2067058086395264,
  "execution_time_control": 158.07393217086792,
  "total_time": 231.88859486579895
}