{
  "initialization_time_planning": 1.1282730102539062,
  "execution_time_planning": 71.4796838760376,
  "initialization_time_control": 1.8513789176940918,
  "execution_time_control": 300.80444288253784,
  "total_time": 375.26377868652344
}