{
  "initialization_time_planning": 1.1282730102539062,
  "execution_time_planning": 71.4796838760376,
  "initialization_time_control": 1.0009701251983643,
  "execution_time_control": 461.3770170211792,
  "total_time": 534.9859440326691
}