{
  "initialization_time_planning": 1.1282730102539062,
  "execution_time_planning": 71.4796838760376,
  "initialization_time_control": 0.9955089092254639,
  "execution_time_control": 392.5494821071625,
  "total_time": 466.15294790267944
}