{
  "initialization_time_planning": 1.1282730102539062,
  "execution_time_planning": 71.4796838760376,
  "initialization_time_control": 1.2642550468444824,
  "execution_time_control": 103.68673896789551,
  "total_time": 177.5589509010315
}